R,Air strikes target Kyiv for third night running
y,Air strikes target Kyiv for third night running
H,Air strikes target Kyiv for third night running
g,Air strikes target Kyiv for third night running
G,Air strikes target Kyiv for third night running
o,Air strikes target Kyiv for third night running
N,Air strikes target Kyiv for third night running
V,Air strikes target Kyiv for third night running
e,Air strikes target Kyiv for third night running
T,Air strikes target Kyiv for third night running
k,Air strikes target Kyiv for third night running
D,Air strikes target Kyiv for third night running
f,Air strikes target Kyiv for third night running
t,Air strikes target Kyiv for third night running
A,Air strikes target Kyiv for third night running
 ,Air strikes target Kyiv for third night running
Y,Air strikes target Kyiv for third night running
d,Air strikes target Kyiv for third night running
v,Air strikes target Kyiv for third night running
r,Air strikes target Kyiv for third night running
i,Air strikes target Kyiv for third night running
U,Air strikes target Kyiv for third night running
I,Air strikes target Kyiv for third night running
E,Air strikes target Kyiv for third night running
a,Air strikes target Kyiv for third night running
u,Air strikes target Kyiv for third night running
s,Air strikes target Kyiv for third night running
n,Air strikes target Kyiv for third night running
F,Air strikes target Kyiv for third night running
h,Air strikes target Kyiv for third night running
O,Air strikes target Kyiv for third night running
K,Air strikes target Kyiv for third night running
S,Air strikes target Kyiv for third night running
R,Air strikes target Kyiv for third night running
y,Air strikes target Kyiv for third night running
H,Air strikes target Kyiv for third night running
g,Air strikes target Kyiv for third night running
G,Air strikes target Kyiv for third night running
o,Air strikes target Kyiv for third night running
N,Air strikes target Kyiv for third night running
V,Air strikes target Kyiv for third night running
e,Air strikes target Kyiv for third night running
T,Air strikes target Kyiv for third night running
k,Air strikes target Kyiv for third night running
D,Air strikes target Kyiv for third night running
f,Air strikes target Kyiv for third night running
t,Air strikes target Kyiv for third night running
A,Air strikes target Kyiv for third night running
 ,Air strikes target Kyiv for third night running
Y,Air strikes target Kyiv for third night running
d,Air strikes target Kyiv for third night running
v,Air strikes target Kyiv for third night running
r,Air strikes target Kyiv for third night running
i,Air strikes target Kyiv for third night running
U,Air strikes target Kyiv for third night running
I,Air strikes target Kyiv for third night running
E,Air strikes target Kyiv for third night running
a,Air strikes target Kyiv for third night running
u,Air strikes target Kyiv for third night running
s,Air strikes target Kyiv for third night running
n,Air strikes target Kyiv for third night running
F,Air strikes target Kyiv for third night running
h,Air strikes target Kyiv for third night running
O,Air strikes target Kyiv for third night running
K,Air strikes target Kyiv for third night running
S,Air strikes target Kyiv for third night running
R,Lula welcomes back banned Venezuelan leader
o,Lula welcomes back banned Venezuelan leader
N,Lula welcomes back banned Venezuelan leader
V,Lula welcomes back banned Venezuelan leader
e,Lula welcomes back banned Venezuelan leader
k,Lula welcomes back banned Venezuelan leader
w,Lula welcomes back banned Venezuelan leader
b,Lula welcomes back banned Venezuelan leader
D,Lula welcomes back banned Venezuelan leader
B,Lula welcomes back banned Venezuelan leader
c,Lula welcomes back banned Venezuelan leader
A,Lula welcomes back banned Venezuelan leader
l,Lula welcomes back banned Venezuelan leader
 ,Lula welcomes back banned Venezuelan leader
W,Lula welcomes back banned Venezuelan leader
d,Lula welcomes back banned Venezuelan leader
v,Lula welcomes back banned Venezuelan leader
r,Lula welcomes back banned Venezuelan leader
z,Lula welcomes back banned Venezuelan leader
U,Lula welcomes back banned Venezuelan leader
E,Lula welcomes back banned Venezuelan leader
a,Lula welcomes back banned Venezuelan leader
L,Lula welcomes back banned Venezuelan leader
u,Lula welcomes back banned Venezuelan leader
M,Lula welcomes back banned Venezuelan leader
s,Lula welcomes back banned Venezuelan leader
n,Lula welcomes back banned Venezuelan leader
C,Lula welcomes back banned Venezuelan leader
O,Lula welcomes back banned Venezuelan leader
Z,Lula welcomes back banned Venezuelan leader
m,Lula welcomes back banned Venezuelan leader
K,Lula welcomes back banned Venezuelan leader
S,Lula welcomes back banned Venezuelan leader
R,"After a synagogue shooting, can a community heal?"
y,"After a synagogue shooting, can a community heal?"
H,"After a synagogue shooting, can a community heal?"
g,"After a synagogue shooting, can a community heal?"
G,"After a synagogue shooting, can a community heal?"
o,"After a synagogue shooting, can a community heal?"
N,"After a synagogue shooting, can a community heal?"
e,"After a synagogue shooting, can a community heal?"
T,"After a synagogue shooting, can a community heal?"
c,"After a synagogue shooting, can a community heal?"
f,"After a synagogue shooting, can a community heal?"
t,"After a synagogue shooting, can a community heal?"
A,"After a synagogue shooting, can a community heal?"
l,"After a synagogue shooting, can a community heal?"
 ,"After a synagogue shooting, can a community heal?"
Y,"After a synagogue shooting, can a community heal?"
",","After a synagogue shooting, can a community heal?"
r,"After a synagogue shooting, can a community heal?"
i,"After a synagogue shooting, can a community heal?"
U,"After a synagogue shooting, can a community heal?"
I,"After a synagogue shooting, can a community heal?"
E,"After a synagogue shooting, can a community heal?"
a,"After a synagogue shooting, can a community heal?"
L,"After a synagogue shooting, can a community heal?"
u,"After a synagogue shooting, can a community heal?"
M,"After a synagogue shooting, can a community heal?"
s,"After a synagogue shooting, can a community heal?"
n,"After a synagogue shooting, can a community heal?"
C,"After a synagogue shooting, can a community heal?"
F,"After a synagogue shooting, can a community heal?"
h,"After a synagogue shooting, can a community heal?"
O,"After a synagogue shooting, can a community heal?"
m,"After a synagogue shooting, can a community heal?"
S,"After a synagogue shooting, can a community heal?"
H,Agents die when boat capsizes on Italian lake
g,Agents die when boat capsizes on Italian lake
G,Agents die when boat capsizes on Italian lake
o,Agents die when boat capsizes on Italian lake
P,Agents die when boat capsizes on Italian lake
N,Agents die when boat capsizes on Italian lake
e,Agents die when boat capsizes on Italian lake
T,Agents die when boat capsizes on Italian lake
k,Agents die when boat capsizes on Italian lake
w,Agents die when boat capsizes on Italian lake
b,Agents die when boat capsizes on Italian lake
D,Agents die when boat capsizes on Italian lake
B,Agents die when boat capsizes on Italian lake
c,Agents die when boat capsizes on Italian lake
t,Agents die when boat capsizes on Italian lake
A,Agents die when boat capsizes on Italian lake
l,Agents die when boat capsizes on Italian lake
 ,Agents die when boat capsizes on Italian lake
W,Agents die when boat capsizes on Italian lake
p,Agents die when boat capsizes on Italian lake
d,Agents die when boat capsizes on Italian lake
i,Agents die when boat capsizes on Italian lake
z,Agents die when boat capsizes on Italian lake
I,Agents die when boat capsizes on Italian lake
E,Agents die when boat capsizes on Italian lake
a,Agents die when boat capsizes on Italian lake
L,Agents die when boat capsizes on Italian lake
s,Agents die when boat capsizes on Italian lake
n,Agents die when boat capsizes on Italian lake
C,Agents die when boat capsizes on Italian lake
h,Agents die when boat capsizes on Italian lake
O,Agents die when boat capsizes on Italian lake
Z,Agents die when boat capsizes on Italian lake
K,Agents die when boat capsizes on Italian lake
S,Agents die when boat capsizes on Italian lake
R,Army's IRA spy admitted killing suspected informer
y,Army's IRA spy admitted killing suspected informer
g,Army's IRA spy admitted killing suspected informer
G,Army's IRA spy admitted killing suspected informer
o,Army's IRA spy admitted killing suspected informer
P,Army's IRA spy admitted killing suspected informer
N,Army's IRA spy admitted killing suspected informer
e,Army's IRA spy admitted killing suspected informer
T,Army's IRA spy admitted killing suspected informer
k,Army's IRA spy admitted killing suspected informer
D,Army's IRA spy admitted killing suspected informer
c,Army's IRA spy admitted killing suspected informer
f,Army's IRA spy admitted killing suspected informer
t,Army's IRA spy admitted killing suspected informer
A,Army's IRA spy admitted killing suspected informer
l,Army's IRA spy admitted killing suspected informer
 ,Army's IRA spy admitted killing suspected informer
Y,Army's IRA spy admitted killing suspected informer
p,Army's IRA spy admitted killing suspected informer
d,Army's IRA spy admitted killing suspected informer
r,Army's IRA spy admitted killing suspected informer
i,Army's IRA spy admitted killing suspected informer
U,Army's IRA spy admitted killing suspected informer
I,Army's IRA spy admitted killing suspected informer
E,Army's IRA spy admitted killing suspected informer
a,Army's IRA spy admitted killing suspected informer
L,Army's IRA spy admitted killing suspected informer
u,Army's IRA spy admitted killing suspected informer
M,Army's IRA spy admitted killing suspected informer
s,Army's IRA spy admitted killing suspected informer
n,Army's IRA spy admitted killing suspected informer
C,Army's IRA spy admitted killing suspected informer
F,Army's IRA spy admitted killing suspected informer
O,Army's IRA spy admitted killing suspected informer
m,Army's IRA spy admitted killing suspected informer
K,Army's IRA spy admitted killing suspected informer
S,Army's IRA spy admitted killing suspected informer
R,Beyoncé's Renaissance tour: An intergalactic explosion of fun
y,Beyoncé's Renaissance tour: An intergalactic explosion of fun
x,Beyoncé's Renaissance tour: An intergalactic explosion of fun
g,Beyoncé's Renaissance tour: An intergalactic explosion of fun
G,Beyoncé's Renaissance tour: An intergalactic explosion of fun
o,Beyoncé's Renaissance tour: An intergalactic explosion of fun
P,Beyoncé's Renaissance tour: An intergalactic explosion of fun
N,Beyoncé's Renaissance tour: An intergalactic explosion of fun
e,Beyoncé's Renaissance tour: An intergalactic explosion of fun
T,Beyoncé's Renaissance tour: An intergalactic explosion of fun
b,Beyoncé's Renaissance tour: An intergalactic explosion of fun
B,Beyoncé's Renaissance tour: An intergalactic explosion of fun
c,Beyoncé's Renaissance tour: An intergalactic explosion of fun
f,Beyoncé's Renaissance tour: An intergalactic explosion of fun
t,Beyoncé's Renaissance tour: An intergalactic explosion of fun
A,Beyoncé's Renaissance tour: An intergalactic explosion of fun
l,Beyoncé's Renaissance tour: An intergalactic explosion of fun
 ,Beyoncé's Renaissance tour: An intergalactic explosion of fun
Y,Beyoncé's Renaissance tour: An intergalactic explosion of fun
p,Beyoncé's Renaissance tour: An intergalactic explosion of fun
r,Beyoncé's Renaissance tour: An intergalactic explosion of fun
i,Beyoncé's Renaissance tour: An intergalactic explosion of fun
U,Beyoncé's Renaissance tour: An intergalactic explosion of fun
I,Beyoncé's Renaissance tour: An intergalactic explosion of fun
E,Beyoncé's Renaissance tour: An intergalactic explosion of fun
a,Beyoncé's Renaissance tour: An intergalactic explosion of fun
L,Beyoncé's Renaissance tour: An intergalactic explosion of fun
u,Beyoncé's Renaissance tour: An intergalactic explosion of fun
s,Beyoncé's Renaissance tour: An intergalactic explosion of fun
n,Beyoncé's Renaissance tour: An intergalactic explosion of fun
C,Beyoncé's Renaissance tour: An intergalactic explosion of fun
F,Beyoncé's Renaissance tour: An intergalactic explosion of fun
O,Beyoncé's Renaissance tour: An intergalactic explosion of fun
X,Beyoncé's Renaissance tour: An intergalactic explosion of fun
S,Beyoncé's Renaissance tour: An intergalactic explosion of fun
R,Man prises croc's jaws off head at Australian resort
H,Man prises croc's jaws off head at Australian resort
o,Man prises croc's jaws off head at Australian resort
P,Man prises croc's jaws off head at Australian resort
N,Man prises croc's jaws off head at Australian resort
e,Man prises croc's jaws off head at Australian resort
T,Man prises croc's jaws off head at Australian resort
w,Man prises croc's jaws off head at Australian resort
D,Man prises croc's jaws off head at Australian resort
c,Man prises croc's jaws off head at Australian resort
f,Man prises croc's jaws off head at Australian resort
t,Man prises croc's jaws off head at Australian resort
A,Man prises croc's jaws off head at Australian resort
l,Man prises croc's jaws off head at Australian resort
 ,Man prises croc's jaws off head at Australian resort
W,Man prises croc's jaws off head at Australian resort
J,Man prises croc's jaws off head at Australian resort
p,Man prises croc's jaws off head at Australian resort
d,Man prises croc's jaws off head at Australian resort
r,Man prises croc's jaws off head at Australian resort
i,Man prises croc's jaws off head at Australian resort
U,Man prises croc's jaws off head at Australian resort
I,Man prises croc's jaws off head at Australian resort
E,Man prises croc's jaws off head at Australian resort
a,Man prises croc's jaws off head at Australian resort
L,Man prises croc's jaws off head at Australian resort
u,Man prises croc's jaws off head at Australian resort
M,Man prises croc's jaws off head at Australian resort
s,Man prises croc's jaws off head at Australian resort
n,Man prises croc's jaws off head at Australian resort
C,Man prises croc's jaws off head at Australian resort
F,Man prises croc's jaws off head at Australian resort
h,Man prises croc's jaws off head at Australian resort
O,Man prises croc's jaws off head at Australian resort
m,Man prises croc's jaws off head at Australian resort
S,Man prises croc's jaws off head at Australian resort
R,Attacks on Kosovo peacekeepers unacceptable - Nato
o,Attacks on Kosovo peacekeepers unacceptable - Nato
P,Attacks on Kosovo peacekeepers unacceptable - Nato
N,Attacks on Kosovo peacekeepers unacceptable - Nato
V,Attacks on Kosovo peacekeepers unacceptable - Nato
e,Attacks on Kosovo peacekeepers unacceptable - Nato
T,Attacks on Kosovo peacekeepers unacceptable - Nato
k,Attacks on Kosovo peacekeepers unacceptable - Nato
b,Attacks on Kosovo peacekeepers unacceptable - Nato
B,Attacks on Kosovo peacekeepers unacceptable - Nato
c,Attacks on Kosovo peacekeepers unacceptable - Nato
t,Attacks on Kosovo peacekeepers unacceptable - Nato
A,Attacks on Kosovo peacekeepers unacceptable - Nato
l,Attacks on Kosovo peacekeepers unacceptable - Nato
 ,Attacks on Kosovo peacekeepers unacceptable - Nato
p,Attacks on Kosovo peacekeepers unacceptable - Nato
v,Attacks on Kosovo peacekeepers unacceptable - Nato
r,Attacks on Kosovo peacekeepers unacceptable - Nato
-,Attacks on Kosovo peacekeepers unacceptable - Nato
U,Attacks on Kosovo peacekeepers unacceptable - Nato
E,Attacks on Kosovo peacekeepers unacceptable - Nato
a,Attacks on Kosovo peacekeepers unacceptable - Nato
L,Attacks on Kosovo peacekeepers unacceptable - Nato
u,Attacks on Kosovo peacekeepers unacceptable - Nato
s,Attacks on Kosovo peacekeepers unacceptable - Nato
n,Attacks on Kosovo peacekeepers unacceptable - Nato
C,Attacks on Kosovo peacekeepers unacceptable - Nato
O,Attacks on Kosovo peacekeepers unacceptable - Nato
K,Attacks on Kosovo peacekeepers unacceptable - Nato
S,Attacks on Kosovo peacekeepers unacceptable - Nato
R,Player abuse getting worse - Stephens
y,Player abuse getting worse - Stephens
H,Player abuse getting worse - Stephens
g,Player abuse getting worse - Stephens
G,Player abuse getting worse - Stephens
o,Player abuse getting worse - Stephens
P,Player abuse getting worse - Stephens
N,Player abuse getting worse - Stephens
e,Player abuse getting worse - Stephens
T,Player abuse getting worse - Stephens
w,Player abuse getting worse - Stephens
b,Player abuse getting worse - Stephens
B,Player abuse getting worse - Stephens
t,Player abuse getting worse - Stephens
A,Player abuse getting worse - Stephens
l,Player abuse getting worse - Stephens
 ,Player abuse getting worse - Stephens
Y,Player abuse getting worse - Stephens
W,Player abuse getting worse - Stephens
p,Player abuse getting worse - Stephens
r,Player abuse getting worse - Stephens
-,Player abuse getting worse - Stephens
i,Player abuse getting worse - Stephens
U,Player abuse getting worse - Stephens
I,Player abuse getting worse - Stephens
E,Player abuse getting worse - Stephens
a,Player abuse getting worse - Stephens
L,Player abuse getting worse - Stephens
u,Player abuse getting worse - Stephens
s,Player abuse getting worse - Stephens
n,Player abuse getting worse - Stephens
h,Player abuse getting worse - Stephens
O,Player abuse getting worse - Stephens
S,Player abuse getting worse - Stephens
R,iPhone maker hikes pay ahead of new model launch
y,iPhone maker hikes pay ahead of new model launch
H,iPhone maker hikes pay ahead of new model launch
o,iPhone maker hikes pay ahead of new model launch
P,iPhone maker hikes pay ahead of new model launch
N,iPhone maker hikes pay ahead of new model launch
e,iPhone maker hikes pay ahead of new model launch
k,iPhone maker hikes pay ahead of new model launch
w,iPhone maker hikes pay ahead of new model launch
D,iPhone maker hikes pay ahead of new model launch
c,iPhone maker hikes pay ahead of new model launch
f,iPhone maker hikes pay ahead of new model launch
A,iPhone maker hikes pay ahead of new model launch
l,iPhone maker hikes pay ahead of new model launch
 ,iPhone maker hikes pay ahead of new model launch
Y,iPhone maker hikes pay ahead of new model launch
W,iPhone maker hikes pay ahead of new model launch
p,iPhone maker hikes pay ahead of new model launch
d,iPhone maker hikes pay ahead of new model launch
r,iPhone maker hikes pay ahead of new model launch
i,iPhone maker hikes pay ahead of new model launch
U,iPhone maker hikes pay ahead of new model launch
I,iPhone maker hikes pay ahead of new model launch
E,iPhone maker hikes pay ahead of new model launch
a,iPhone maker hikes pay ahead of new model launch
L,iPhone maker hikes pay ahead of new model launch
u,iPhone maker hikes pay ahead of new model launch
M,iPhone maker hikes pay ahead of new model launch
s,iPhone maker hikes pay ahead of new model launch
n,iPhone maker hikes pay ahead of new model launch
C,iPhone maker hikes pay ahead of new model launch
F,iPhone maker hikes pay ahead of new model launch
h,iPhone maker hikes pay ahead of new model launch
O,iPhone maker hikes pay ahead of new model launch
m,iPhone maker hikes pay ahead of new model launch
K,iPhone maker hikes pay ahead of new model launch
S,iPhone maker hikes pay ahead of new model launch
R,Race to secure US debt deal votes as deadline looms
o,Race to secure US debt deal votes as deadline looms
N,Race to secure US debt deal votes as deadline looms
V,Race to secure US debt deal votes as deadline looms
e,Race to secure US debt deal votes as deadline looms
T,Race to secure US debt deal votes as deadline looms
b,Race to secure US debt deal votes as deadline looms
D,Race to secure US debt deal votes as deadline looms
B,Race to secure US debt deal votes as deadline looms
c,Race to secure US debt deal votes as deadline looms
t,Race to secure US debt deal votes as deadline looms
A,Race to secure US debt deal votes as deadline looms
l,Race to secure US debt deal votes as deadline looms
 ,Race to secure US debt deal votes as deadline looms
d,Race to secure US debt deal votes as deadline looms
v,Race to secure US debt deal votes as deadline looms
r,Race to secure US debt deal votes as deadline looms
i,Race to secure US debt deal votes as deadline looms
U,Race to secure US debt deal votes as deadline looms
I,Race to secure US debt deal votes as deadline looms
E,Race to secure US debt deal votes as deadline looms
a,Race to secure US debt deal votes as deadline looms
L,Race to secure US debt deal votes as deadline looms
u,Race to secure US debt deal votes as deadline looms
M,Race to secure US debt deal votes as deadline looms
s,Race to secure US debt deal votes as deadline looms
n,Race to secure US debt deal votes as deadline looms
C,Race to secure US debt deal votes as deadline looms
O,Race to secure US debt deal votes as deadline looms
m,Race to secure US debt deal votes as deadline looms
S,Race to secure US debt deal votes as deadline looms
R,iPhone maker hikes pay ahead of new model launch
y,iPhone maker hikes pay ahead of new model launch
H,iPhone maker hikes pay ahead of new model launch
o,iPhone maker hikes pay ahead of new model launch
P,iPhone maker hikes pay ahead of new model launch
N,iPhone maker hikes pay ahead of new model launch
e,iPhone maker hikes pay ahead of new model launch
k,iPhone maker hikes pay ahead of new model launch
w,iPhone maker hikes pay ahead of new model launch
D,iPhone maker hikes pay ahead of new model launch
c,iPhone maker hikes pay ahead of new model launch
f,iPhone maker hikes pay ahead of new model launch
A,iPhone maker hikes pay ahead of new model launch
l,iPhone maker hikes pay ahead of new model launch
 ,iPhone maker hikes pay ahead of new model launch
Y,iPhone maker hikes pay ahead of new model launch
W,iPhone maker hikes pay ahead of new model launch
p,iPhone maker hikes pay ahead of new model launch
d,iPhone maker hikes pay ahead of new model launch
r,iPhone maker hikes pay ahead of new model launch
i,iPhone maker hikes pay ahead of new model launch
U,iPhone maker hikes pay ahead of new model launch
I,iPhone maker hikes pay ahead of new model launch
E,iPhone maker hikes pay ahead of new model launch
a,iPhone maker hikes pay ahead of new model launch
L,iPhone maker hikes pay ahead of new model launch
u,iPhone maker hikes pay ahead of new model launch
M,iPhone maker hikes pay ahead of new model launch
s,iPhone maker hikes pay ahead of new model launch
n,iPhone maker hikes pay ahead of new model launch
C,iPhone maker hikes pay ahead of new model launch
F,iPhone maker hikes pay ahead of new model launch
h,iPhone maker hikes pay ahead of new model launch
O,iPhone maker hikes pay ahead of new model launch
m,iPhone maker hikes pay ahead of new model launch
K,iPhone maker hikes pay ahead of new model launch
S,iPhone maker hikes pay ahead of new model launch
R,Race to secure US debt deal votes as deadline looms
o,Race to secure US debt deal votes as deadline looms
N,Race to secure US debt deal votes as deadline looms
V,Race to secure US debt deal votes as deadline looms
e,Race to secure US debt deal votes as deadline looms
T,Race to secure US debt deal votes as deadline looms
b,Race to secure US debt deal votes as deadline looms
D,Race to secure US debt deal votes as deadline looms
B,Race to secure US debt deal votes as deadline looms
c,Race to secure US debt deal votes as deadline looms
t,Race to secure US debt deal votes as deadline looms
A,Race to secure US debt deal votes as deadline looms
l,Race to secure US debt deal votes as deadline looms
 ,Race to secure US debt deal votes as deadline looms
d,Race to secure US debt deal votes as deadline looms
v,Race to secure US debt deal votes as deadline looms
r,Race to secure US debt deal votes as deadline looms
i,Race to secure US debt deal votes as deadline looms
U,Race to secure US debt deal votes as deadline looms
I,Race to secure US debt deal votes as deadline looms
E,Race to secure US debt deal votes as deadline looms
a,Race to secure US debt deal votes as deadline looms
L,Race to secure US debt deal votes as deadline looms
u,Race to secure US debt deal votes as deadline looms
M,Race to secure US debt deal votes as deadline looms
s,Race to secure US debt deal votes as deadline looms
n,Race to secure US debt deal votes as deadline looms
C,Race to secure US debt deal votes as deadline looms
O,Race to secure US debt deal votes as deadline looms
m,Race to secure US debt deal votes as deadline looms
S,Race to secure US debt deal votes as deadline looms
R,Russia seeks arrest of Lindsey Graham over video
y,Russia seeks arrest of Lindsey Graham over video
H,Russia seeks arrest of Lindsey Graham over video
g,Russia seeks arrest of Lindsey Graham over video
G,Russia seeks arrest of Lindsey Graham over video
o,Russia seeks arrest of Lindsey Graham over video
N,Russia seeks arrest of Lindsey Graham over video
V,Russia seeks arrest of Lindsey Graham over video
e,Russia seeks arrest of Lindsey Graham over video
T,Russia seeks arrest of Lindsey Graham over video
k,Russia seeks arrest of Lindsey Graham over video
D,Russia seeks arrest of Lindsey Graham over video
f,Russia seeks arrest of Lindsey Graham over video
t,Russia seeks arrest of Lindsey Graham over video
A,Russia seeks arrest of Lindsey Graham over video
l,Russia seeks arrest of Lindsey Graham over video
 ,Russia seeks arrest of Lindsey Graham over video
Y,Russia seeks arrest of Lindsey Graham over video
d,Russia seeks arrest of Lindsey Graham over video
v,Russia seeks arrest of Lindsey Graham over video
r,Russia seeks arrest of Lindsey Graham over video
i,Russia seeks arrest of Lindsey Graham over video
U,Russia seeks arrest of Lindsey Graham over video
I,Russia seeks arrest of Lindsey Graham over video
E,Russia seeks arrest of Lindsey Graham over video
a,Russia seeks arrest of Lindsey Graham over video
L,Russia seeks arrest of Lindsey Graham over video
u,Russia seeks arrest of Lindsey Graham over video
M,Russia seeks arrest of Lindsey Graham over video
s,Russia seeks arrest of Lindsey Graham over video
n,Russia seeks arrest of Lindsey Graham over video
F,Russia seeks arrest of Lindsey Graham over video
h,Russia seeks arrest of Lindsey Graham over video
O,Russia seeks arrest of Lindsey Graham over video
m,Russia seeks arrest of Lindsey Graham over video
K,Russia seeks arrest of Lindsey Graham over video
S,Russia seeks arrest of Lindsey Graham over video
R,Ugandan president approves tough new anti-LGBT law
H,Ugandan president approves tough new anti-LGBT law
g,Ugandan president approves tough new anti-LGBT law
G,Ugandan president approves tough new anti-LGBT law
o,Ugandan president approves tough new anti-LGBT law
P,Ugandan president approves tough new anti-LGBT law
N,Ugandan president approves tough new anti-LGBT law
V,Ugandan president approves tough new anti-LGBT law
e,Ugandan president approves tough new anti-LGBT law
T,Ugandan president approves tough new anti-LGBT law
w,Ugandan president approves tough new anti-LGBT law
b,Ugandan president approves tough new anti-LGBT law
D,Ugandan president approves tough new anti-LGBT law
B,Ugandan president approves tough new anti-LGBT law
t,Ugandan president approves tough new anti-LGBT law
A,Ugandan president approves tough new anti-LGBT law
l,Ugandan president approves tough new anti-LGBT law
 ,Ugandan president approves tough new anti-LGBT law
W,Ugandan president approves tough new anti-LGBT law
p,Ugandan president approves tough new anti-LGBT law
d,Ugandan president approves tough new anti-LGBT law
v,Ugandan president approves tough new anti-LGBT law
r,Ugandan president approves tough new anti-LGBT law
-,Ugandan president approves tough new anti-LGBT law
i,Ugandan president approves tough new anti-LGBT law
U,Ugandan president approves tough new anti-LGBT law
I,Ugandan president approves tough new anti-LGBT law
E,Ugandan president approves tough new anti-LGBT law
a,Ugandan president approves tough new anti-LGBT law
L,Ugandan president approves tough new anti-LGBT law
u,Ugandan president approves tough new anti-LGBT law
s,Ugandan president approves tough new anti-LGBT law
n,Ugandan president approves tough new anti-LGBT law
h,Ugandan president approves tough new anti-LGBT law
O,Ugandan president approves tough new anti-LGBT law
S,Ugandan president approves tough new anti-LGBT law
R,German police arrest stripper over toy gun
y,German police arrest stripper over toy gun
g,German police arrest stripper over toy gun
G,German police arrest stripper over toy gun
o,German police arrest stripper over toy gun
P,German police arrest stripper over toy gun
N,German police arrest stripper over toy gun
V,German police arrest stripper over toy gun
e,German police arrest stripper over toy gun
T,German police arrest stripper over toy gun
c,German police arrest stripper over toy gun
t,German police arrest stripper over toy gun
A,German police arrest stripper over toy gun
l,German police arrest stripper over toy gun
 ,German police arrest stripper over toy gun
Y,German police arrest stripper over toy gun
p,German police arrest stripper over toy gun
v,German police arrest stripper over toy gun
r,German police arrest stripper over toy gun
i,German police arrest stripper over toy gun
U,German police arrest stripper over toy gun
I,German police arrest stripper over toy gun
E,German police arrest stripper over toy gun
a,German police arrest stripper over toy gun
L,German police arrest stripper over toy gun
u,German police arrest stripper over toy gun
M,German police arrest stripper over toy gun
s,German police arrest stripper over toy gun
n,German police arrest stripper over toy gun
C,German police arrest stripper over toy gun
O,German police arrest stripper over toy gun
m,German police arrest stripper over toy gun
S,German police arrest stripper over toy gun
R,Apocalyptic wildfire video captures driver's near miss
y,Apocalyptic wildfire video captures driver's near miss
o,Apocalyptic wildfire video captures driver's near miss
P,Apocalyptic wildfire video captures driver's near miss
N,Apocalyptic wildfire video captures driver's near miss
V,Apocalyptic wildfire video captures driver's near miss
e,Apocalyptic wildfire video captures driver's near miss
T,Apocalyptic wildfire video captures driver's near miss
w,Apocalyptic wildfire video captures driver's near miss
D,Apocalyptic wildfire video captures driver's near miss
c,Apocalyptic wildfire video captures driver's near miss
f,Apocalyptic wildfire video captures driver's near miss
t,Apocalyptic wildfire video captures driver's near miss
A,Apocalyptic wildfire video captures driver's near miss
l,Apocalyptic wildfire video captures driver's near miss
 ,Apocalyptic wildfire video captures driver's near miss
Y,Apocalyptic wildfire video captures driver's near miss
W,Apocalyptic wildfire video captures driver's near miss
p,Apocalyptic wildfire video captures driver's near miss
d,Apocalyptic wildfire video captures driver's near miss
v,Apocalyptic wildfire video captures driver's near miss
r,Apocalyptic wildfire video captures driver's near miss
i,Apocalyptic wildfire video captures driver's near miss
U,Apocalyptic wildfire video captures driver's near miss
I,Apocalyptic wildfire video captures driver's near miss
E,Apocalyptic wildfire video captures driver's near miss
a,Apocalyptic wildfire video captures driver's near miss
L,Apocalyptic wildfire video captures driver's near miss
u,Apocalyptic wildfire video captures driver's near miss
M,Apocalyptic wildfire video captures driver's near miss
s,Apocalyptic wildfire video captures driver's near miss
n,Apocalyptic wildfire video captures driver's near miss
C,Apocalyptic wildfire video captures driver's near miss
F,Apocalyptic wildfire video captures driver's near miss
O,Apocalyptic wildfire video captures driver's near miss
m,Apocalyptic wildfire video captures driver's near miss
S,Apocalyptic wildfire video captures driver's near miss
R,BBC World News TV
o,BBC World News TV
N,BBC World News TV
V,BBC World News TV
e,BBC World News TV
T,BBC World News TV
w,BBC World News TV
b,BBC World News TV
D,BBC World News TV
B,BBC World News TV
c,BBC World News TV
t,BBC World News TV
l,BBC World News TV
 ,BBC World News TV
W,BBC World News TV
d,BBC World News TV
v,BBC World News TV
r,BBC World News TV
E,BBC World News TV
L,BBC World News TV
s,BBC World News TV
n,BBC World News TV
C,BBC World News TV
O,BBC World News TV
S,BBC World News TV
R,BBC World Service Radio
o,BBC World Service Radio
V,BBC World Service Radio
e,BBC World Service Radio
w,BBC World Service Radio
b,BBC World Service Radio
D,BBC World Service Radio
B,BBC World Service Radio
c,BBC World Service Radio
A,BBC World Service Radio
l,BBC World Service Radio
 ,BBC World Service Radio
W,BBC World Service Radio
d,BBC World Service Radio
v,BBC World Service Radio
r,BBC World Service Radio
i,BBC World Service Radio
I,BBC World Service Radio
E,BBC World Service Radio
a,BBC World Service Radio
L,BBC World Service Radio
s,BBC World Service Radio
C,BBC World Service Radio
O,BBC World Service Radio
S,BBC World Service Radio
R,Watch: Cheese rollers run down near-vertical hill
H,Watch: Cheese rollers run down near-vertical hill
o,Watch: Cheese rollers run down near-vertical hill
N,Watch: Cheese rollers run down near-vertical hill
V,Watch: Cheese rollers run down near-vertical hill
e,Watch: Cheese rollers run down near-vertical hill
T,Watch: Cheese rollers run down near-vertical hill
w,Watch: Cheese rollers run down near-vertical hill
D,Watch: Cheese rollers run down near-vertical hill
c,Watch: Cheese rollers run down near-vertical hill
t,Watch: Cheese rollers run down near-vertical hill
A,Watch: Cheese rollers run down near-vertical hill
l,Watch: Cheese rollers run down near-vertical hill
 ,Watch: Cheese rollers run down near-vertical hill
W,Watch: Cheese rollers run down near-vertical hill
d,Watch: Cheese rollers run down near-vertical hill
v,Watch: Cheese rollers run down near-vertical hill
r,Watch: Cheese rollers run down near-vertical hill
-,Watch: Cheese rollers run down near-vertical hill
i,Watch: Cheese rollers run down near-vertical hill
U,Watch: Cheese rollers run down near-vertical hill
I,Watch: Cheese rollers run down near-vertical hill
E,Watch: Cheese rollers run down near-vertical hill
a,Watch: Cheese rollers run down near-vertical hill
L,Watch: Cheese rollers run down near-vertical hill
u,Watch: Cheese rollers run down near-vertical hill
s,Watch: Cheese rollers run down near-vertical hill
n,Watch: Cheese rollers run down near-vertical hill
C,Watch: Cheese rollers run down near-vertical hill
h,Watch: Cheese rollers run down near-vertical hill
O,Watch: Cheese rollers run down near-vertical hill
S,Watch: Cheese rollers run down near-vertical hill
R,How many pitch invaders can you spot?
y,How many pitch invaders can you spot?
H,How many pitch invaders can you spot?
o,How many pitch invaders can you spot?
P,How many pitch invaders can you spot?
N,How many pitch invaders can you spot?
V,How many pitch invaders can you spot?
e,How many pitch invaders can you spot?
T,How many pitch invaders can you spot?
w,How many pitch invaders can you spot?
D,How many pitch invaders can you spot?
c,How many pitch invaders can you spot?
t,How many pitch invaders can you spot?
A,How many pitch invaders can you spot?
 ,How many pitch invaders can you spot?
Y,How many pitch invaders can you spot?
W,How many pitch invaders can you spot?
p,How many pitch invaders can you spot?
d,How many pitch invaders can you spot?
v,How many pitch invaders can you spot?
r,How many pitch invaders can you spot?
i,How many pitch invaders can you spot?
U,How many pitch invaders can you spot?
I,How many pitch invaders can you spot?
E,How many pitch invaders can you spot?
a,How many pitch invaders can you spot?
u,How many pitch invaders can you spot?
M,How many pitch invaders can you spot?
s,How many pitch invaders can you spot?
n,How many pitch invaders can you spot?
C,How many pitch invaders can you spot?
h,How many pitch invaders can you spot?
O,How many pitch invaders can you spot?
m,How many pitch invaders can you spot?
S,How many pitch invaders can you spot?
R,Mystery green patch in canal baffles Venetians
y,Mystery green patch in canal baffles Venetians
H,Mystery green patch in canal baffles Venetians
g,Mystery green patch in canal baffles Venetians
G,Mystery green patch in canal baffles Venetians
P,Mystery green patch in canal baffles Venetians
N,Mystery green patch in canal baffles Venetians
V,Mystery green patch in canal baffles Venetians
e,Mystery green patch in canal baffles Venetians
T,Mystery green patch in canal baffles Venetians
b,Mystery green patch in canal baffles Venetians
B,Mystery green patch in canal baffles Venetians
c,Mystery green patch in canal baffles Venetians
f,Mystery green patch in canal baffles Venetians
t,Mystery green patch in canal baffles Venetians
A,Mystery green patch in canal baffles Venetians
l,Mystery green patch in canal baffles Venetians
 ,Mystery green patch in canal baffles Venetians
Y,Mystery green patch in canal baffles Venetians
p,Mystery green patch in canal baffles Venetians
v,Mystery green patch in canal baffles Venetians
r,Mystery green patch in canal baffles Venetians
i,Mystery green patch in canal baffles Venetians
I,Mystery green patch in canal baffles Venetians
E,Mystery green patch in canal baffles Venetians
a,Mystery green patch in canal baffles Venetians
L,Mystery green patch in canal baffles Venetians
M,Mystery green patch in canal baffles Venetians
s,Mystery green patch in canal baffles Venetians
n,Mystery green patch in canal baffles Venetians
C,Mystery green patch in canal baffles Venetians
F,Mystery green patch in canal baffles Venetians
h,Mystery green patch in canal baffles Venetians
m,Mystery green patch in canal baffles Venetians
S,Mystery green patch in canal baffles Venetians
R,Turkish president sings to supporters from top of bus
H,Turkish president sings to supporters from top of bus
g,Turkish president sings to supporters from top of bus
G,Turkish president sings to supporters from top of bus
o,Turkish president sings to supporters from top of bus
P,Turkish president sings to supporters from top of bus
N,Turkish president sings to supporters from top of bus
e,Turkish president sings to supporters from top of bus
T,Turkish president sings to supporters from top of bus
k,Turkish president sings to supporters from top of bus
b,Turkish president sings to supporters from top of bus
D,Turkish president sings to supporters from top of bus
B,Turkish president sings to supporters from top of bus
f,Turkish president sings to supporters from top of bus
t,Turkish president sings to supporters from top of bus
 ,Turkish president sings to supporters from top of bus
p,Turkish president sings to supporters from top of bus
d,Turkish president sings to supporters from top of bus
r,Turkish president sings to supporters from top of bus
i,Turkish president sings to supporters from top of bus
U,Turkish president sings to supporters from top of bus
I,Turkish president sings to supporters from top of bus
E,Turkish president sings to supporters from top of bus
u,Turkish president sings to supporters from top of bus
M,Turkish president sings to supporters from top of bus
s,Turkish president sings to supporters from top of bus
n,Turkish president sings to supporters from top of bus
F,Turkish president sings to supporters from top of bus
h,Turkish president sings to supporters from top of bus
O,Turkish president sings to supporters from top of bus
m,Turkish president sings to supporters from top of bus
K,Turkish president sings to supporters from top of bus
S,Turkish president sings to supporters from top of bus
R,Kitten stuck in rain pipe for three days found alive
y,Kitten stuck in rain pipe for three days found alive
H,Kitten stuck in rain pipe for three days found alive
o,Kitten stuck in rain pipe for three days found alive
P,Kitten stuck in rain pipe for three days found alive
N,Kitten stuck in rain pipe for three days found alive
V,Kitten stuck in rain pipe for three days found alive
e,Kitten stuck in rain pipe for three days found alive
T,Kitten stuck in rain pipe for three days found alive
k,Kitten stuck in rain pipe for three days found alive
D,Kitten stuck in rain pipe for three days found alive
c,Kitten stuck in rain pipe for three days found alive
f,Kitten stuck in rain pipe for three days found alive
t,Kitten stuck in rain pipe for three days found alive
A,Kitten stuck in rain pipe for three days found alive
l,Kitten stuck in rain pipe for three days found alive
 ,Kitten stuck in rain pipe for three days found alive
Y,Kitten stuck in rain pipe for three days found alive
p,Kitten stuck in rain pipe for three days found alive
d,Kitten stuck in rain pipe for three days found alive
v,Kitten stuck in rain pipe for three days found alive
r,Kitten stuck in rain pipe for three days found alive
i,Kitten stuck in rain pipe for three days found alive
U,Kitten stuck in rain pipe for three days found alive
I,Kitten stuck in rain pipe for three days found alive
E,Kitten stuck in rain pipe for three days found alive
a,Kitten stuck in rain pipe for three days found alive
L,Kitten stuck in rain pipe for three days found alive
u,Kitten stuck in rain pipe for three days found alive
s,Kitten stuck in rain pipe for three days found alive
n,Kitten stuck in rain pipe for three days found alive
C,Kitten stuck in rain pipe for three days found alive
F,Kitten stuck in rain pipe for three days found alive
h,Kitten stuck in rain pipe for three days found alive
O,Kitten stuck in rain pipe for three days found alive
K,Kitten stuck in rain pipe for three days found alive
S,Kitten stuck in rain pipe for three days found alive
R,The 'exploding' demand for giant heat pumps
x,The 'exploding' demand for giant heat pumps
H,The 'exploding' demand for giant heat pumps
g,The 'exploding' demand for giant heat pumps
G,The 'exploding' demand for giant heat pumps
o,The 'exploding' demand for giant heat pumps
P,The 'exploding' demand for giant heat pumps
N,The 'exploding' demand for giant heat pumps
e,The 'exploding' demand for giant heat pumps
T,The 'exploding' demand for giant heat pumps
D,The 'exploding' demand for giant heat pumps
f,The 'exploding' demand for giant heat pumps
t,The 'exploding' demand for giant heat pumps
A,The 'exploding' demand for giant heat pumps
l,The 'exploding' demand for giant heat pumps
 ,The 'exploding' demand for giant heat pumps
p,The 'exploding' demand for giant heat pumps
d,The 'exploding' demand for giant heat pumps
r,The 'exploding' demand for giant heat pumps
i,The 'exploding' demand for giant heat pumps
U,The 'exploding' demand for giant heat pumps
I,The 'exploding' demand for giant heat pumps
E,The 'exploding' demand for giant heat pumps
a,The 'exploding' demand for giant heat pumps
L,The 'exploding' demand for giant heat pumps
u,The 'exploding' demand for giant heat pumps
M,The 'exploding' demand for giant heat pumps
s,The 'exploding' demand for giant heat pumps
n,The 'exploding' demand for giant heat pumps
F,The 'exploding' demand for giant heat pumps
h,The 'exploding' demand for giant heat pumps
O,The 'exploding' demand for giant heat pumps
m,The 'exploding' demand for giant heat pumps
X,The 'exploding' demand for giant heat pumps
S,The 'exploding' demand for giant heat pumps
R,"Critics praise 'perfect, brutal' Succession finale"
o,"Critics praise 'perfect, brutal' Succession finale"
P,"Critics praise 'perfect, brutal' Succession finale"
N,"Critics praise 'perfect, brutal' Succession finale"
e,"Critics praise 'perfect, brutal' Succession finale"
T,"Critics praise 'perfect, brutal' Succession finale"
b,"Critics praise 'perfect, brutal' Succession finale"
B,"Critics praise 'perfect, brutal' Succession finale"
c,"Critics praise 'perfect, brutal' Succession finale"
f,"Critics praise 'perfect, brutal' Succession finale"
t,"Critics praise 'perfect, brutal' Succession finale"
A,"Critics praise 'perfect, brutal' Succession finale"
l,"Critics praise 'perfect, brutal' Succession finale"
 ,"Critics praise 'perfect, brutal' Succession finale"
p,"Critics praise 'perfect, brutal' Succession finale"
",","Critics praise 'perfect, brutal' Succession finale"
r,"Critics praise 'perfect, brutal' Succession finale"
i,"Critics praise 'perfect, brutal' Succession finale"
U,"Critics praise 'perfect, brutal' Succession finale"
I,"Critics praise 'perfect, brutal' Succession finale"
E,"Critics praise 'perfect, brutal' Succession finale"
a,"Critics praise 'perfect, brutal' Succession finale"
L,"Critics praise 'perfect, brutal' Succession finale"
u,"Critics praise 'perfect, brutal' Succession finale"
s,"Critics praise 'perfect, brutal' Succession finale"
n,"Critics praise 'perfect, brutal' Succession finale"
C,"Critics praise 'perfect, brutal' Succession finale"
F,"Critics praise 'perfect, brutal' Succession finale"
O,"Critics praise 'perfect, brutal' Succession finale"
S,"Critics praise 'perfect, brutal' Succession finale"
y,Holmes is going to jail. Will she pay victims too?
H,Holmes is going to jail. Will she pay victims too?
g,Holmes is going to jail. Will she pay victims too?
G,Holmes is going to jail. Will she pay victims too?
o,Holmes is going to jail. Will she pay victims too?
P,Holmes is going to jail. Will she pay victims too?
N,Holmes is going to jail. Will she pay victims too?
V,Holmes is going to jail. Will she pay victims too?
e,Holmes is going to jail. Will she pay victims too?
T,Holmes is going to jail. Will she pay victims too?
w,Holmes is going to jail. Will she pay victims too?
c,Holmes is going to jail. Will she pay victims too?
t,Holmes is going to jail. Will she pay victims too?
A,Holmes is going to jail. Will she pay victims too?
l,Holmes is going to jail. Will she pay victims too?
 ,Holmes is going to jail. Will she pay victims too?
Y,Holmes is going to jail. Will she pay victims too?
W,Holmes is going to jail. Will she pay victims too?
J,Holmes is going to jail. Will she pay victims too?
p,Holmes is going to jail. Will she pay victims too?
v,Holmes is going to jail. Will she pay victims too?
.,Holmes is going to jail. Will she pay victims too?
i,Holmes is going to jail. Will she pay victims too?
I,Holmes is going to jail. Will she pay victims too?
E,Holmes is going to jail. Will she pay victims too?
a,Holmes is going to jail. Will she pay victims too?
L,Holmes is going to jail. Will she pay victims too?
M,Holmes is going to jail. Will she pay victims too?
s,Holmes is going to jail. Will she pay victims too?
n,Holmes is going to jail. Will she pay victims too?
C,Holmes is going to jail. Will she pay victims too?
h,Holmes is going to jail. Will she pay victims too?
O,Holmes is going to jail. Will she pay victims too?
m,Holmes is going to jail. Will she pay victims too?
S,Holmes is going to jail. Will she pay victims too?
R,The Thai election upstart who vows to be different
H,The Thai election upstart who vows to be different
o,The Thai election upstart who vows to be different
P,The Thai election upstart who vows to be different
N,The Thai election upstart who vows to be different
V,The Thai election upstart who vows to be different
e,The Thai election upstart who vows to be different
T,The Thai election upstart who vows to be different
w,The Thai election upstart who vows to be different
b,The Thai election upstart who vows to be different
D,The Thai election upstart who vows to be different
B,The Thai election upstart who vows to be different
c,The Thai election upstart who vows to be different
f,The Thai election upstart who vows to be different
t,The Thai election upstart who vows to be different
A,The Thai election upstart who vows to be different
l,The Thai election upstart who vows to be different
 ,The Thai election upstart who vows to be different
W,The Thai election upstart who vows to be different
p,The Thai election upstart who vows to be different
d,The Thai election upstart who vows to be different
v,The Thai election upstart who vows to be different
r,The Thai election upstart who vows to be different
i,The Thai election upstart who vows to be different
U,The Thai election upstart who vows to be different
I,The Thai election upstart who vows to be different
E,The Thai election upstart who vows to be different
a,The Thai election upstart who vows to be different
L,The Thai election upstart who vows to be different
u,The Thai election upstart who vows to be different
s,The Thai election upstart who vows to be different
n,The Thai election upstart who vows to be different
C,The Thai election upstart who vows to be different
F,The Thai election upstart who vows to be different
h,The Thai election upstart who vows to be different
O,The Thai election upstart who vows to be different
S,The Thai election upstart who vows to be different
R,A teacher uniting colonial-era divided Indian families
H,A teacher uniting colonial-era divided Indian families
g,A teacher uniting colonial-era divided Indian families
G,A teacher uniting colonial-era divided Indian families
o,A teacher uniting colonial-era divided Indian families
N,A teacher uniting colonial-era divided Indian families
V,A teacher uniting colonial-era divided Indian families
e,A teacher uniting colonial-era divided Indian families
T,A teacher uniting colonial-era divided Indian families
D,A teacher uniting colonial-era divided Indian families
c,A teacher uniting colonial-era divided Indian families
f,A teacher uniting colonial-era divided Indian families
t,A teacher uniting colonial-era divided Indian families
A,A teacher uniting colonial-era divided Indian families
l,A teacher uniting colonial-era divided Indian families
 ,A teacher uniting colonial-era divided Indian families
d,A teacher uniting colonial-era divided Indian families
v,A teacher uniting colonial-era divided Indian families
r,A teacher uniting colonial-era divided Indian families
-,A teacher uniting colonial-era divided Indian families
i,A teacher uniting colonial-era divided Indian families
U,A teacher uniting colonial-era divided Indian families
I,A teacher uniting colonial-era divided Indian families
E,A teacher uniting colonial-era divided Indian families
a,A teacher uniting colonial-era divided Indian families
L,A teacher uniting colonial-era divided Indian families
u,A teacher uniting colonial-era divided Indian families
M,A teacher uniting colonial-era divided Indian families
s,A teacher uniting colonial-era divided Indian families
n,A teacher uniting colonial-era divided Indian families
C,A teacher uniting colonial-era divided Indian families
F,A teacher uniting colonial-era divided Indian families
h,A teacher uniting colonial-era divided Indian families
O,A teacher uniting colonial-era divided Indian families
m,A teacher uniting colonial-era divided Indian families
S,A teacher uniting colonial-era divided Indian families
R,Why Erdogan's victory matters for the West
y,Why Erdogan's victory matters for the West
H,Why Erdogan's victory matters for the West
g,Why Erdogan's victory matters for the West
G,Why Erdogan's victory matters for the West
o,Why Erdogan's victory matters for the West
N,Why Erdogan's victory matters for the West
V,Why Erdogan's victory matters for the West
e,Why Erdogan's victory matters for the West
T,Why Erdogan's victory matters for the West
w,Why Erdogan's victory matters for the West
D,Why Erdogan's victory matters for the West
c,Why Erdogan's victory matters for the West
f,Why Erdogan's victory matters for the West
t,Why Erdogan's victory matters for the West
A,Why Erdogan's victory matters for the West
 ,Why Erdogan's victory matters for the West
Y,Why Erdogan's victory matters for the West
W,Why Erdogan's victory matters for the West
d,Why Erdogan's victory matters for the West
v,Why Erdogan's victory matters for the West
r,Why Erdogan's victory matters for the West
i,Why Erdogan's victory matters for the West
I,Why Erdogan's victory matters for the West
E,Why Erdogan's victory matters for the West
a,Why Erdogan's victory matters for the West
M,Why Erdogan's victory matters for the West
s,Why Erdogan's victory matters for the West
n,Why Erdogan's victory matters for the West
C,Why Erdogan's victory matters for the West
F,Why Erdogan's victory matters for the West
h,Why Erdogan's victory matters for the West
O,Why Erdogan's victory matters for the West
m,Why Erdogan's victory matters for the West
S,Why Erdogan's victory matters for the West
H,What's in the US debt ceiling deal?
g,What's in the US debt ceiling deal?
G,What's in the US debt ceiling deal?
N,What's in the US debt ceiling deal?
e,What's in the US debt ceiling deal?
T,What's in the US debt ceiling deal?
w,What's in the US debt ceiling deal?
b,What's in the US debt ceiling deal?
D,What's in the US debt ceiling deal?
B,What's in the US debt ceiling deal?
c,What's in the US debt ceiling deal?
t,What's in the US debt ceiling deal?
A,What's in the US debt ceiling deal?
l,What's in the US debt ceiling deal?
 ,What's in the US debt ceiling deal?
W,What's in the US debt ceiling deal?
d,What's in the US debt ceiling deal?
i,What's in the US debt ceiling deal?
U,What's in the US debt ceiling deal?
I,What's in the US debt ceiling deal?
E,What's in the US debt ceiling deal?
a,What's in the US debt ceiling deal?
L,What's in the US debt ceiling deal?
u,What's in the US debt ceiling deal?
s,What's in the US debt ceiling deal?
n,What's in the US debt ceiling deal?
C,What's in the US debt ceiling deal?
h,What's in the US debt ceiling deal?
S,What's in the US debt ceiling deal?
R,How did patriarchy actually begin?
y,How did patriarchy actually begin?
H,How did patriarchy actually begin?
g,How did patriarchy actually begin?
G,How did patriarchy actually begin?
o,How did patriarchy actually begin?
P,How did patriarchy actually begin?
N,How did patriarchy actually begin?
e,How did patriarchy actually begin?
T,How did patriarchy actually begin?
w,How did patriarchy actually begin?
b,How did patriarchy actually begin?
D,How did patriarchy actually begin?
B,How did patriarchy actually begin?
c,How did patriarchy actually begin?
t,How did patriarchy actually begin?
A,How did patriarchy actually begin?
l,How did patriarchy actually begin?
 ,How did patriarchy actually begin?
Y,How did patriarchy actually begin?
W,How did patriarchy actually begin?
p,How did patriarchy actually begin?
d,How did patriarchy actually begin?
r,How did patriarchy actually begin?
i,How did patriarchy actually begin?
U,How did patriarchy actually begin?
I,How did patriarchy actually begin?
E,How did patriarchy actually begin?
a,How did patriarchy actually begin?
L,How did patriarchy actually begin?
u,How did patriarchy actually begin?
n,How did patriarchy actually begin?
C,How did patriarchy actually begin?
h,How did patriarchy actually begin?
O,How did patriarchy actually begin?
R,The generation clocking the most hours
H,The generation clocking the most hours
g,The generation clocking the most hours
G,The generation clocking the most hours
o,The generation clocking the most hours
N,The generation clocking the most hours
e,The generation clocking the most hours
T,The generation clocking the most hours
k,The generation clocking the most hours
c,The generation clocking the most hours
t,The generation clocking the most hours
A,The generation clocking the most hours
l,The generation clocking the most hours
 ,The generation clocking the most hours
r,The generation clocking the most hours
i,The generation clocking the most hours
U,The generation clocking the most hours
I,The generation clocking the most hours
E,The generation clocking the most hours
a,The generation clocking the most hours
L,The generation clocking the most hours
u,The generation clocking the most hours
M,The generation clocking the most hours
s,The generation clocking the most hours
n,The generation clocking the most hours
C,The generation clocking the most hours
h,The generation clocking the most hours
O,The generation clocking the most hours
m,The generation clocking the most hours
K,The generation clocking the most hours
S,The generation clocking the most hours
R,The city putting neurodiversity first
y,The city putting neurodiversity first
H,The city putting neurodiversity first
g,The city putting neurodiversity first
G,The city putting neurodiversity first
o,The city putting neurodiversity first
P,The city putting neurodiversity first
N,The city putting neurodiversity first
V,The city putting neurodiversity first
e,The city putting neurodiversity first
T,The city putting neurodiversity first
D,The city putting neurodiversity first
c,The city putting neurodiversity first
f,The city putting neurodiversity first
t,The city putting neurodiversity first
 ,The city putting neurodiversity first
Y,The city putting neurodiversity first
p,The city putting neurodiversity first
d,The city putting neurodiversity first
v,The city putting neurodiversity first
r,The city putting neurodiversity first
i,The city putting neurodiversity first
U,The city putting neurodiversity first
I,The city putting neurodiversity first
E,The city putting neurodiversity first
u,The city putting neurodiversity first
s,The city putting neurodiversity first
n,The city putting neurodiversity first
C,The city putting neurodiversity first
F,The city putting neurodiversity first
h,The city putting neurodiversity first
O,The city putting neurodiversity first
S,The city putting neurodiversity first
R,The people who don't wash their clothes
H,The people who don't wash their clothes
o,The people who don't wash their clothes
P,The people who don't wash their clothes
N,The people who don't wash their clothes
e,The people who don't wash their clothes
T,The people who don't wash their clothes
w,The people who don't wash their clothes
D,The people who don't wash their clothes
c,The people who don't wash their clothes
t,The people who don't wash their clothes
A,The people who don't wash their clothes
l,The people who don't wash their clothes
 ,The people who don't wash their clothes
W,The people who don't wash their clothes
p,The people who don't wash their clothes
d,The people who don't wash their clothes
r,The people who don't wash their clothes
i,The people who don't wash their clothes
I,The people who don't wash their clothes
E,The people who don't wash their clothes
a,The people who don't wash their clothes
L,The people who don't wash their clothes
s,The people who don't wash their clothes
n,The people who don't wash their clothes
C,The people who don't wash their clothes
h,The people who don't wash their clothes
O,The people who don't wash their clothes
S,The people who don't wash their clothes
R,Why we sometimes sense invisible others
y,Why we sometimes sense invisible others
H,Why we sometimes sense invisible others
o,Why we sometimes sense invisible others
N,Why we sometimes sense invisible others
V,Why we sometimes sense invisible others
e,Why we sometimes sense invisible others
T,Why we sometimes sense invisible others
w,Why we sometimes sense invisible others
b,Why we sometimes sense invisible others
B,Why we sometimes sense invisible others
t,Why we sometimes sense invisible others
l,Why we sometimes sense invisible others
 ,Why we sometimes sense invisible others
Y,Why we sometimes sense invisible others
W,Why we sometimes sense invisible others
v,Why we sometimes sense invisible others
r,Why we sometimes sense invisible others
i,Why we sometimes sense invisible others
I,Why we sometimes sense invisible others
E,Why we sometimes sense invisible others
L,Why we sometimes sense invisible others
M,Why we sometimes sense invisible others
s,Why we sometimes sense invisible others
n,Why we sometimes sense invisible others
h,Why we sometimes sense invisible others
O,Why we sometimes sense invisible others
m,Why we sometimes sense invisible others
S,Why we sometimes sense invisible others
R,Is talent or hard work more important?
H,Is talent or hard work more important?
o,Is talent or hard work more important?
P,Is talent or hard work more important?
N,Is talent or hard work more important?
e,Is talent or hard work more important?
T,Is talent or hard work more important?
k,Is talent or hard work more important?
w,Is talent or hard work more important?
D,Is talent or hard work more important?
t,Is talent or hard work more important?
A,Is talent or hard work more important?
l,Is talent or hard work more important?
 ,Is talent or hard work more important?
W,Is talent or hard work more important?
p,Is talent or hard work more important?
d,Is talent or hard work more important?
r,Is talent or hard work more important?
i,Is talent or hard work more important?
I,Is talent or hard work more important?
E,Is talent or hard work more important?
a,Is talent or hard work more important?
L,Is talent or hard work more important?
M,Is talent or hard work more important?
s,Is talent or hard work more important?
n,Is talent or hard work more important?
h,Is talent or hard work more important?
O,Is talent or hard work more important?
m,Is talent or hard work more important?
K,Is talent or hard work more important?
S,Is talent or hard work more important?
R,A new take on traditional wontons
o,A new take on traditional wontons
N,A new take on traditional wontons
e,A new take on traditional wontons
T,A new take on traditional wontons
k,A new take on traditional wontons
w,A new take on traditional wontons
D,A new take on traditional wontons
t,A new take on traditional wontons
A,A new take on traditional wontons
l,A new take on traditional wontons
 ,A new take on traditional wontons
W,A new take on traditional wontons
d,A new take on traditional wontons
r,A new take on traditional wontons
i,A new take on traditional wontons
I,A new take on traditional wontons
E,A new take on traditional wontons
a,A new take on traditional wontons
L,A new take on traditional wontons
s,A new take on traditional wontons
n,A new take on traditional wontons
O,A new take on traditional wontons
K,A new take on traditional wontons
S,A new take on traditional wontons
R,News daily newsletter
y,News daily newsletter
N,News daily newsletter
e,News daily newsletter
T,News daily newsletter
w,News daily newsletter
D,News daily newsletter
t,News daily newsletter
A,News daily newsletter
l,News daily newsletter
 ,News daily newsletter
Y,News daily newsletter
W,News daily newsletter
d,News daily newsletter
r,News daily newsletter
i,News daily newsletter
I,News daily newsletter
E,News daily newsletter
a,News daily newsletter
L,News daily newsletter
s,News daily newsletter
n,News daily newsletter
S,News daily newsletter
o,Mobile app
P,Mobile app
e,Mobile app
b,Mobile app
B,Mobile app
A,Mobile app
l,Mobile app
 ,Mobile app
p,Mobile app
i,Mobile app
I,Mobile app
E,Mobile app
a,Mobile app
L,Mobile app
M,Mobile app
O,Mobile app
m,Mobile app
H,Get in touch
g,Get in touch
G,Get in touch
o,Get in touch
N,Get in touch
e,Get in touch
T,Get in touch
c,Get in touch
t,Get in touch
 ,Get in touch
i,Get in touch
U,Get in touch
I,Get in touch
E,Get in touch
u,Get in touch
n,Get in touch
C,Get in touch
h,Get in touch
O,Get in touch
